LinkF,LinkT
https://automobilemagazine.com.tr/renault-turkiyede-ilk-kez-suruculer-icin-en-populer-otomobil-markasi/,https://www.comparethemarket.com/car-insurance/content/
https://hot995.iheart.com/featured/hoody/content/2021-04-18-these-ten-video-games-increase-your-heart-rate-the-most/,https://www.comparethemarket.com/broadband/content/top-heart-racing-games-ranked/
https://invisioncommunity.co.uk/ten-video-games-guaranteed-to-give-you-an-adrenaline-boost/,https://www.comparethemarket.com/broadband/content/top-heart-racing-games-ranked/
https://manualdosgames.com/pesquisa-jogos-que-mais-acelera-o-coracao/,https://www.comparethemarket.com/
https://moneyweek.com/personal-finance/mortgages/603033/the-return-of-the-95-mortgage-whats-available-and-how-much-they,https://www.comparethemarket.com/mortgages/
https://techprincess.it/top-10-giochi-adrenalinici/,https://www.comparethemarket.com/broadband/content/top-heart-racing-games-ranked/
https://techreforma.com/real-estate/eye-tracking-software-reveals-what-buyers-focus-on-most-when-touring-a-home-and-how-you-can-use-it-to-your-advantage/,https://www.comparethemarket.com/mortgages/content/what-buyers-look-for-in-a-property/
https://thelastofus.com.br/noticias/estudo-aponta-que-the-last-of-us-e-o-jogo-que-mais-deixa-o-coracao-acelerado/,https://www.comparethemarket.com/broadband/content/top-heart-racing-games-ranked/
https://tr.motor1.com/news/502398/t%C3%BCrkiye-ilk-otomobil-tercihi/,https://www.comparethemarket.com/car-insurance/content/
https://vidmid.com/news/the-ten-video-games-guaranteed-to-give-you-an-adrenaline-boost?uid=252872,https://www.comparethemarket.com/
https://www.buzz.ie/entertainment/the-ten-video-games-guaranteed-to-give-you-an-adrenaline-boost-427800,https://www.comparethemarket.com/
https://www.crisalidepress.it/fiat-la-preferita-dagli-italiani/,https://www.comparethemarket.com/
https://www.dailyrecord.co.uk/lifestyle/money/lockdown-savings-for-future-needs-23882802,https://www.comparethemarket.com/
https://www.discoverev.co.uk/features/how-might-evs-be-taxed-in-future,https://www.comparethemarket.com/car-insurance/content/how-does-black-box-insurance-work/
https://www.fleetnews.co.uk/news/fleet-industry-news/2021/04/26/fleets-warned-as-lockdown-fuels-catalytic-converter-thefts,https://www.comparethemarket.com/car-insurance/content/catalytic-converter-thefts/
https://www.fleetpoint.org/fleet-management-2/fleets-warned-as-lockdown-fuels-thefts-of-catalytic-converters/?web=1&wdLOR=c780B3A12-CF75-4D1A-8A94-6EF43C57C165,https://www.comparethemarket.com/car-insurance/content/catalytic-converter-thefts/
https://www.floraldaily.com/article/9312125/vertical-gardens-allotments-and-raised-flower-beds-leading-gardening-trends-of-2021/,https://www.comparethemarket.com/home-insurance/content/top-gardening-trends-2021/
https://www.gqitalia.it/tech-auto/article/videogiochi-10-titoli-che-aumentano-il-battito-cardiaco,https://www.comparethemarket.com/
https://www.mummypages.co.uk/baby-on-the-way-these-are-the-top-10-uk-destinations-perfect-for-a-babymoon,https://www.comparethemarket.com/
https://www.northwalespioneer.co.uk/news/19212967.conwy-second-best-destination-babymoon-says-comparethemarket-com/,https://www.comparethemarket.com/travel-insurance/content/top-babymoon-destinations-uk/
https://www.redonline.co.uk/interiors/easy-to-steal-ideas/a36285106/summer-garden-trends-2021/,https://www.comparethemarket.com/
https://www.techtudo.com.br/noticias/2021/04/the-last-of-us-e-o-jogo-que-mais-acelera-coracao-do-jogador-diz-estudo.ghtml,https://www.comparethemarket.com/broadband/content/top-heart-racing-games-ranked/
https://www.thegamer.com/top-10-most-heart-pounding-games-study/,https://www.comparethemarket.com/broadband/content/top-heart-racing-games-ranked/
https://www.theolivepress.es/spain-news/2021/04/20/kids-these-days-luxury-car-brand-audi-is-the-most-popular-for-first-time-drivers-in-spain/,https://www.comparethemarket.com/
https://www.traveldailynews.com/post/top-10-uk-staycations-for-a-babymoon,https://www.comparethemarket.com/travel-insurance/content/top-babymoon-destinations-uk/
https://www.vovogatu.com.br/2021/04/the-last-of-us-e-o-jogo-que-mais.html,https://www.comparethemarket.com/broadband/content/top-heart-racing-games-ranked/
https://www.dailypost.co.uk/whats-on/family-kids-news/most-popular-uk-babymoon-destinations-20484596,https://www.comparethemarket.com/travel-insurance/content/top-babymoon-destinations-uk/
https://www.birminghammail.co.uk/news/midlands-news/uk-dog-owners-warned-face-20569169,https://www.comparethemarket.com/home-insurance/content/dog-proof-your-home/
https://www.gamebyte.com/heres-what-your-favourite-game-characters-should-look-like-based-on-their-age/,https://www.comparethemarket.com/broadband/content/gaming-characters-aged/
https://www.gamevicio.com/noticias/2021/04/pesquisa-revela-os-10-jogos-que-mais-acelera-os-batimentos-cardiacos-dos-jogadores/,https://www.comparethemarket.com/broadband/content/top-heart-racing-games-ranked/
https://es.digitaltrends.com/videojuego/juegos-que-aceleraran-tu-frecuencia-cardiaca/,https://www.comparethemarket.com/broadband/content/top-heart-racing-games-ranked/
https://www.techradar.com/news/energy-bills-only-one-in-six-tariffs-are-available-for-smart-meter-households,https://www.comparethemarket.com/energy/
https://www.express.co.uk/finance/personalfinance/1436430/savings-accounts-interest-rates-uk-children-saving-account-child,https://www.comparethemarket.com/savings-accounts/content/pocket-money-earnings/
https://www.wapcar.my/bm/kawasan-paling-berkuman-dalam-kereta-%E2%80%93-lebih-kotor-berbanding-tandas-5794,https://www.comparethemarket.com/car-insurance/content/how-clean-is-your-car/
https://www.techradar.com/uk/news/218000-uk-households-face-an-average-pound280-rise-in-their-energy-bills,https://www.comparethemarket.com/
https://www.express.co.uk/entertainment/films/1435217/James-Bond-No-Time-To-Die-Top-Gun-2-Mission-Impossible-7-Black-Widow-2021-movies-cinemas,https://www.comparethemarket.com/
https://www.fool.co.uk/mywallethero/your-money/learn/pocket-money/,https://www.comparethemarket.com/savings-accounts/content/pocket-money-earnings/
https://www.companionlife.co.uk/dog-owners-to-fork-out-2464-80-on-day-care-services-when-return-to-work/,https://www.comparethemarket.com
https://www.thesun.co.uk/money/15013272/martin-lewis-moneysavingexpert-sky-warning-contract/,https://www.comparethemarket.com/
https://www.business-money.com/announcements/nearly-half-of-brits-want-a-better-work-life-balance-and-to-fulfil-their-career-aspirations/,https://www.comparethemarket.com/life-insurance/content/how-covid-impacted-bucket-list/
http://intravelreport.blogspot.com/2021/05/bucket-list-britain-lockdown-has-over.html,https://www.comparethemarket.com/life-insurance/content/how-covid-impacted-bucket-list/
https://www.fenews.co.uk/press-releases/68093-nearly-half-of-brits-want-a-better-work-life-balance-and-to-fulfil-their-career-aspirations-as-we-step-out-of-lockdown,https://www.comparethemarket.com/life-insurance/content/how-covid-impacted-bucket-list/
https://www.yourdog.co.uk/the-your-dog-blog/doggy-day-care-services-to-cost-owners-over-2k-once-they-head-back-to/,https://urldefense.proofpoint.com/v2/url?u=https-3A__www.comparethemarket.com_home-2Dinsurance_content_dog-2Dproof-2Dyour-2Dhome_&d=DwMFaQ&c=euGZstcaTDllvimEN8b7jXrwqOf-v5A_CdpgnVfiiMM&r=0HO--SU3Ponvt8aCTMukWlS3o9EQzA7GjZBh2GiqP3NzPsaliwU2CrHD5InZViDu&m=VYZTOGAsCrCmqQoxth1QiMG4KMm0Gr05y1s1CrBoyFA&s=Tkj16W54GLLBc9qkjWIAOCK7zF6RPryeRMqnc1sTr3w&e=
https://www.traveldailynews.com/post/bucket-list-britain-the-lockdown-has-over-a-third-of-us-planning-their-very-first-bucket-list,https://www.comparethemarket.com/life-insurance/content/how-covid-impacted-bucket-list/
https://workplaceinsight.net/living-life-to-the-full-as-we-step-out-of-lockdown/,https://www.comparethemarket.com/life-insurance/content/how-covid-impacted-bucket-list/
https://www.westwaleschronicle.co.uk/blog/2021/05/19/achieving-better-work-life-balance-at-the-top-of-brits-bucket-lists-as-we-step-out-of-lockdown/,https://www.comparethemarket.com/life-insurance/content/how-covid-impacted-bucket-list/
http://www.technologijos.lt/n/technologijos/automobiliai_ir_motociklai/S-88609/straipsnis/Paaiskejo-kokiais-elektromobiliais-Lietuvos-ir-kitu-saliu-zmones-internete-domisi-labiausiai---vienoje-salyje-pirmauja-Renault-Twizy,https://www.comparethemarket.com/car-insurance/content/most-searched-electric-vehicle/
https://blog.evuniverse.io/the-ev-universe-weekly-momentum-27/,https://www.comparethemarket.com/car-insurance/content/most-searched-electric-vehicle/
https://elektrickevozy.cz/clanky/top-10-nejvyhledavanejsich-elektromobilu-na-svete-tesla-je-jasna-jednicka,https://www.comparethemarket.com/car-insurance/content/most-searched-electric-vehicle/
https://es.motor1.com/news/504039/coches-electricos-mas-populares-internet/,https://www.comparethemarket.com/car-insurance/content/most-searched-electric-vehicle/
https://executiveacademy.at/de/universitaet/studieren-in-wien,https://www.comparethemarket.com/energy/content/europes-greenest-capital-cities/
https://insideevs.com/news/501079/tesla-model3-most-searched-ev/,https://www.comparethemarket.com/car-insurance/content/most-searched-electric-vehicle/
https://invisioncommunity.co.uk/from-assassins-creed-to-the-witcher-these-are-the-longest-games-to-complete/,https://www.comparethemarket.com/
https://olhardigital.com.br/2021/04/16/carros-e-tecnologia/model-3-e-model-x-da-tesla-sao-os-carros-eletricos-mais-procurados-no-google-em-todo-o-mundo/,https://www.comparethemarket.com/
https://themanc.com/news/manchester-is-the-most-expensive-place-to-park-in-the-uk-according-to-new-research/,https://www.comparethemarket.com/car-insurance/content/parking-postcode-lottery/
https://www.bristolpost.co.uk/news/bristol-news/bristol-among-cities-highest-rates-5350443,https://www.comparethemarket.com/car-insurance/content/catalytic-converter-thefts/
https://www.cfnewsimmo.net/L-actualite/L-OEil-de-la-redaction/Un-Mipim-a-Cannes-en-septembre-le-Palais-du-Louvre-pour-2-8-Md-Pershing-Hall,https://www.comparethemarket.com/mortgages/content/cost-of-royal-homes/
https://www.coloradohomesmag.com/the-most-popular-home-renovation-project/,https://www.comparethemarket.com/home-insurance/content/renovation-nation/
https://www.edinburghnews.scotsman.com/news/transport/pricey-permits-edinburgh-and-glasgow-rank-in-top-five-for-most-expensive-average-cost-of-parking-permits-in-the-uk-3221457,https://www.comparethemarket.com/car-insurance/content/parking-postcode-lottery/
https://www.electronicsweekly.com/news/business/cyber-crime-6-watch-emails-texts-email-2021-04/,https://www.comparethemarket.com/money/content/online-fraud-report/
https://www.farsight.co.uk/blog/surge-in-catalytic-converter-theft-attempts-continues/,https://www.comparethemarket.com/car-insurance/content/catalytic-converter-thefts/
https://www.newsbomb.gr/bombplus/aytokinhto/story/1173286/meionetai-i-dimotikotita-tis-ferrari,https://www.comparethemarket.com/car-insurance/content/car-brand-popularity/
https://www.onlineev.com/the-tesla-model-3-is-the-most-searched-ev-in-the-world/,https://www.comparethemarket.com/car-insurance/content/most-searched-electric-vehicle/
https://www.scotsman.com/news/transport/pricey-permits-edinburgh-and-glasgow-rank-in-top-five-for-most-expensive-average-cost-of-parking-permits-in-the-uk-3221457,https://www.comparethemarket.com/car-insurance/content/parking-postcode-lottery/
https://www.techbyte.sk/2021/04/top-10-elektromobilov-vitaz/,https://www.comparethemarket.com/car-insurance/content/most-searched-electric-vehicle/
https://www.teslarati.com/tesla-model-3-model-x-google-most-searched-evs/,https://www.comparethemarket.com/car-insurance/content/most-searched-electric-vehicle/
https://www.housewaresnews.net/uk-consumers-prioritise-kitchen-renovations/,https://www.comparethemarket.com/
https://www.fool.co.uk/mywallethero/mortgages/learn/the-uk-cities-that-could-save-the-most-and-least-from-solar-panels/,https://www.comparethemarket.com/
https://www.fleetnews.co.uk/news/fleet-industry-news/2021/04/26/fleets-warned-as-lockdown-fuels-catalytic-converter-thefts,https://www.comparethemarket.com/car-insurance/content/catalytic-converter-thefts/
https://londonnewstime.com/british-cities-that-can-save-the-most-and-the-least-from-solar-panels/266765/,//www.comparethemarket.com/
https://www.planet.fr/retraite-retraite-dans-quels-pays-dure-t-elle-le-plus-longtemps.2199780.687329.html,https://www.comparethemarket.com/life-insurance/content/retirement-days/
https://www.fleetpoint.org/fleet-management-2/fleets-warned-as-lockdown-fuels-thefts-of-catalytic-converters/,https://www.comparethemarket.com/car-insurance/content/catalytic-converter-thefts/
https://www.expressen.se/sport/e-sport/overraskningen-i-listan-over-de-svaraste-spelen/,https://www.comparethemarket.com/broadband/content/hardest-video-games-revealed/
https://www.stablevehiclecontracts.co.uk/blog/catalytic-converter-theft-is-on-the-rise-how-to-prevent-it,https://www.comparethemarket.com/car-insurance/content/catalytic-converter-thefts/
https://www.pleinevie.fr/retraite-travail/retraite/classement-dans-quels-pays-la-retraite-dure-t-elle-plus-longtemps-29757,https://www.comparethemarket.com/life-insurance/content/retirement-days/
https://psychologues-paris11.fr/blog-lire-les-dernieres-articles-sur-le-site-psychologues-paris-11/classement-dans-quels-pays-la-retraite-dure-t-elle-plus-longtemps/,https://www.comparethemarket.com/life-insurance/content/retirement-days/
https://www.whatmortgage.co.uk/news/buy-to-let/top-20-best-places-to-be-a-landlord-in-the-uk/,https://www.comparethemarket.com/home-insurance/content/rental-insurance-for-landlords/
https://www.thelandsite.co.uk/articles/top-20-places-to-invest-as-a-landlord-revealed,https://www.comparethemarket.com/home-insurance/content/rental-insurance-for-landlords/
https://www.independent.co.uk/life-style/uk-adults-restaurant-bill-poll-b1839505.html,https://eur02.safelinks.protection.outlook.com/?url=http%3A%2F%2Fcomparethemarket.com%2F&data=04%7C01%7CEleanor.Sly%40independent.co.uk%7C8780555ce81949efd2e708d90ae28952%7C0f3a4c644dc54a768d4152d85ca158a5%7C0%7C0%7C637552791306574107%7CUnknown%7CTWFpbGZsb3d8eyJWIjoiMC4wLjAwMDAiLCJQIjoiV2luMzIiLCJBTiI6Ik1haWwiLCJXVCI6Mn0%3D%7C3000&sdata=pVa70FNk2Udpl8S0O7JXHd9M8iNdfrxzB%2F43t1R0p6s%3D&reserved=0
https://www.express.co.uk/life-style/life/1429721/britons-friends-family-bill-settle-meal-research,https://www.comparethemarket.com/
https://www.falkirkherald.co.uk/read-this/nation-divided-over-how-to-settle-a-bill-after-a-meal-out-with-friends-and-family-3219600,https://www.comparethemarket.com/
https://www.swnsdigital.com/2021/04/brits-are-split-on-how-to-settle-the-restaurant-bill-after-a-meal-with-friends-and-family/,https://www.comparethemarket.com/
https://www.dailyrecord.co.uk/lifestyle/money/broadband-april-price-hikes-23875291,https://www.comparethemarket.com/broadband/
https://www.belfastlive.co.uk/whats-on/shopping/penalty-points-send-car-insurance-20374222,https://www.comparethemarket.com/car-insurance/content/how-long-points-stay-on-licence/
https://www.whitehavennews.co.uk/news/national/uk-today/19229618.simple-mistake-costing-hundreds-car-insurance/,https://www.comparethemarket.com/car-insurance/content/how-long-points-stay-on-licence/
https://www.thesun.co.uk/money/14585069/pub-restaurants-deals-april-12-beefeater-zizzi-mcdonalds/,https://www.comparethemarket.com/customer-rewards/
https://www.thisismoney.co.uk/money/bills/article-9465327/Energy-bills-Households-set-costs-rise-hundreds-pounds.html,https://www.comparethemarket.com/energy/this-is-money/?src=EW59
https://www.themoneypages.com/insurance/contents-insurance-spotlight-stay-home-order-fails-deter-burglars/,https://www.comparethemarket.com/home-insurance/
https://www.stylist.co.uk/news/housing/government-low-deposit-mortgage-guarantee-scheme/511308,https://www.comparethemarket.com/mortgages/
https://www.techregister.co.uk/online-mortgage-calculators-work-out-how-much-you-can-borrow/,https://www.comparethemarket.com/mortgages/mortgage-calculator/
https://www.thesun.co.uk/news/14972675/brits-plan-meal-restaurants-pub-open-indoors/,http://comparethemarket.com/
https://www.express.co.uk/entertainment/films/1435107/james-bond-no-time-to-die-cinema-june,http://comparethemarket.com/
https://www.bromsgroveadvertiser.co.uk/news/national/uk-today/19271182.brits-divided-settle-bill-meal-family-friends/,http://comparethemarket.com/
https://www.theboltonnews.co.uk/news/national/uk-today/19271182.brits-divided-settle-bill-meal-family-friends/,http://comparethemarket.com/
https://www.thesun.co.uk/news/15060254/good-neighbours-friend-survey/,http://comparethemarket.com/
https://gamingideology.com/2021/05/13/james-bonds-no-time-to-die-britons-eagerly-await-cinema-releases/,http://comparethemarket.com/
https://metro.co.uk/2021/05/14/what-to-expect-when-cinemas-reopen-and-must-see-movies-to-check-out-14584653/,http://comparethemarket.com/
https://metro.co.uk/2021/05/14/holidays-2021-everything-you-need-to-consider-before-booking-pcr-tests-insurance-and-more-14547992/,http://comparethemarket.com/
https://www.thesun.co.uk/news/14929606/cinemas-reopen-brits-reveal-must-see-films/,http://comparethemarket.com/
https://asumetech.com/james-bonds-no-time-to-die-britons-hotly-await-cinema-outgoings/,http://comparethemarket.com/
https://www.mirror.co.uk/news/uk-news/brits-planning-make-up-lost-24120790,http://comparethemarket.com/
https://www.mycelebritylife.co.uk/travel/everything-to-consider-before-booking-a-holiday-pcr-tests-insurance-and-more/,http://comparethemarket.com/
https://www.express.co.uk/life-style/life/1440919/britain-neighbours-next-door-friends-study,http://comparethemarket.com/
https://www.yourthurrock.com/2021/05/12/meerkat-movies-offer-set-to-return/,http://comparethemarket.com/
https://www.dailystar.co.uk/news/latest-news/britain-nation-good-neighbours-many-24180238,http://comparethemarket.com/
https://www.dailystar.co.uk/news/latest-news/list-films-brits-most-excited-24092614,http://comparethemarket.com/
https://www.thefancarpet.com/movie_news/1-in-4-brits-plan-to-return-to-cinemas-as-meerkat-movies-welcomes-back-2-for-1-tickets-as-cinemas-in-the-uk-get-set-to-reopen/,http://www.comparethemarket.com
https://www.mirror.co.uk/news/uk-news/james-bond-top-gun-mission-24094821,http://www.comparethemarket.com/
https://www.gazettelive.co.uk/news/uk-world-news/218000-households-see-energy-bills-20569347,https://www.comparethemarket.com/autosergei/
https://www.thesun.co.uk/money/14929511/martin-lewis-warns-bill-payers-switch-energy-deals-save/,https://www.comparethemarket.com/autosergei/
https://www.insurtechdigital.com/digital-strategy/going-electric-produces-cheaper-car-insurance-premiums,https://www.comparethemarket.com/car-insurance/content/electric-car/
https://www.westsussextoday.co.uk/lifestyle/cars/paying-the-penalty-how-much-points-on-your-licence-add-to-insurance-bills-3239338,https://www.comparethemarket.com/car-insurance/content/how-long-points-stay-on-licence/
https://www.thesun.co.uk/money/14857228/martin-lewis-tool-car-insurance-saving-job-title/,https://www.comparethemarket.com/car-insurance/content/premiums-v-professions/
https://www.techregister.co.uk/martin-lewis-clever-tool-to-help-save-hundreds-of-pounds-on-your-car-insurance-by-tweaking-your-job-title/,https://www.comparethemarket.com/car-insurance/content/premiums-v-professions/
https://www.thesun.co.uk/money/14958408/deals-discounts-freebies-chains-offering-may-17/,https://www.comparethemarket.com/customer-rewards/
https://www.mirror.co.uk/money/parents-couples-can-2-1-24206140,https://www.comparethemarket.com/customer-rewards/meerkat-meals/
https://www.thesun.co.uk/money/9640197/meerkat-movies-meerkat-meals-cinema-2/,https://www.comparethemarket.com/customer-rewards/meerkat-movies/
https://www.themoneypages.com/household-bills/energy-bills-smart-meters-smart-cost/,https://www.comparethemarket.com/energy/
https://www.fool.co.uk/mywallethero/consumer-fear-how-it-affects-trading-and-how-to-limit-its-impact/,https://www.comparethemarket.com/media-centre/news/households-financial-impact-from-covid/
https://www.mirror.co.uk/news/uk-news/typical-brit-knows-five-neighbours-24185495,https://www.comparethemarket.com/money/bills-calculator/ENDS
http://digitalcitizenship.wqsb.qc.ca/parent-resources/,https://www.comparethemarket.com/broadband/content/screen-usage-guide/
http://micehub.port.ac.uk/understanding-screen-addiction-during-covid-19/,https://www.comparethemarket.com/
http://www.boothroydprimaryacademy.co.uk/wellbeing/parent-support-for-mental-health-issues/,https://www.comparethemarket.com/broadband/content/screen-usage-guide/
http://www.defyingmentalillness.com/strategies-for-coping-with-screen-addiction/,https://www.comparethemarket.com/broadband/content/screen-usage-guide/
http://www.familyguidetomentalhealth.com/understanding-screen-addiction/,https://www.comparethemarket.com/broadband/content/screen-usage-guide/
http://www.gbul.org/k-12-resources.html,https://www.comparethemarket.com/broadband/content/screen-usage-guide/
http://www.msprojectstart.org/resources,https://www.comparethemarket.com/broadband/content/screen-usage-guide/
http://www.whalearts.co.uk/resource-support-for-mental-health-and-wellbeing/,https://www.comparethemarket.com/broadband/content/screen-usage-guide/
http://www.williamhardingschool.co.uk/onlineesafety,https://www.comparethemarket.com/broadband/content/screen-usage-guide/
https://bbbstampabay.org/resources-bigs-little-families-covid-19/,https://www.comparethemarket.com/broadband/content/screen-usage-guide/
https://blog.coastline.edu/guide-to-screen-addictions-and-responsible-digital-use,https://www.comparethemarket.com/broadband/content/screen-usage-guide/
https://districtadministration.com/coronavirus-free-teaching-resources-free-education-services-covid-19/,https://www.comparethemarket.com/broadband/content/screen-usage-guide/
https://drcbeds.org.uk/news/useful-links-during-the-coronavirus-crisis-for-benefits-grants-help-with-paying-bills-paying-rent-mortgages-and-more/,https://www.comparethemarket.com/energy/content/energy-saving-tips/
https://fisd.oxfordshire.gov.uk/kb5/oxfordshire/directory/service.page?id=1rT37NkY9Rs,https://www.comparethemarket.com/broadband/content/screen-usage-guide/
https://frontapp.com/blog/screen-time-challenge,https://www.comparethemarket.com/broadband/content/screen-usage-guide/
https://ipausa.org/2021/04/28/guide-to-screen-addictions-and-responsible-digital-use/,https://www.comparethemarket.com/broadband/content/screen-usage-guide/
https://klinefeltersyndrome.org/other-diseases-conditions-and-resources/miscellaneous-resources/,https://www.comparethemarket.com/broadband/content/screen-usage-guide/
https://kscs.ca/story/psychological-resources-parents,https://www.comparethemarket.com/broadband/content/screen-usage-guide/
https://lcon.org.uk/energy/affordable-warmth-no-cost-or-low-cost-energy-saving-measures/,https://www.comparethemarket.com/energy/content/energy-saving-tips/
https://livewell.oxfordshire.gov.uk/Services/5231,https://www.comparethemarket.com/broadband/content/screen-usage-guide/
https://mountcarmelhigh.co.uk/parent-pupils/e-safety,https://www.comparethemarket.com/broadband/content/screen-usage-guide/
https://rganm.org/teens-and-gambling/,https://www.comparethemarket.com/broadband/content/screen-usage-guide/
https://ruralcoffeecaravan.org.uk/noticeboard/#health,https://www.comparethemarket.com/broadband/content/screen-usage-guide/
https://scottishcare.org/covid-19-useful-resources/,https://www.comparethemarket.com/broadband/content/screen-usage-guide/
https://staidansprimaryschool.org.uk/curriculum/e-learning-home-learning/,https://www.comparethemarket.com/broadband/content/screen-usage-guide/
https://treuk.com/what-is-tre/,https://www.comparethemarket.com/broadband/content/screen-usage-guide/
https://wadslib.com/covid-19-resources/,https://www.comparethemarket.com/broadband/content/screen-usage-guide/
https://webgrammar.com/topics/education/,https://www.comparethemarket.com/broadband/content/screen-usage-guide/
https://www.aee.org/community-resource-library#mental,https://www.comparethemarket.com/broadband/content/screen-usage-guide/
https://www.asdhelpinghands.org.uk/lets-get-positive/,https://www.comparethemarket.com/broadband/content/screen-usage-guide/
https://www.ashmoleacademy.org/page/?title=Online+Safety&pid=67,https://www.comparethemarket.com/broadband/content/screen-usage-guide/
https://www.barbaracole.com/resources,https://www.comparethemarket.com/broadband/content/screen-usage-guide/
https://www.bbbsmadison.org/covid-19-update-2/,https://www.comparethemarket.com/broadband/content/screen-usage-guide/
https://www.bowdoncs.org.uk/e-safety/,https://www.comparethemarket.com/broadband/content/screen-usage-guide/
https://www.careersindepth.com/resources,https://www.comparethemarket.com/broadband/content/screen-usage-guide/
https://www.carersinsouthampton.co.uk/guide-to-screen-addictions-and-responsible-digital-use,https://www.comparethemarket.com/broadband/content/screen-usage-guide/
https://www.carerswd.org/staying-safe-and-well/useful-resources/,https://www.comparethemarket.com/broadband/content/screen-usage-guide/
https://www.ccscambridge.org/resources-caregivers,https://www.comparethemarket.com/broadband/content/screen-usage-guide/
https://www.csla-aapc.ca/career-resources/covid-19-resources,https://www.comparethemarket.com/broadband/content/screen-usage-guide/
https://www.elsanetwork.org/free_resource/understanding-screen-addiction-and-responsible-digital-use/,https://www.comparethemarket.com/broadband/content/screen-usage-guide/
https://www.fairfaxcasa.org/covid19/,https://www.comparethemarket.com/broadband/content/screen-usage-guide/
https://www.healthwatchsouthampton.co.uk/news/understanding-screen-addiction-and-responsible-digital-use-which-offers-lots-of-valuable-information-such-as/,https://www.comparethemarket.com/broadband/content/screen-usage-guide/
https://www.holyfamily.coventry.sch.uk/home/curriculum/computing,https://www.comparethemarket.com/broadband/content/screen-usage-guide/
https://www.ibcr.org/en/news/covid-19-resources-to-best-handle-the-situation-with-children/,https://www.comparethemarket.com/broadband/content/screen-usage-guide/
https://www.isabc.ca/2020/05/19/useful-links-concerning-covid-19/,https://www.comparethemarket.com/broadband/content/screen-usage-guide/
https://www.isk.ac.ke/learning/counselling/counselor-resources,https://www.comparethemarket.com/broadband/content/screen-usage-guide/
https://www.marsk12.org/apps/pages/index.jsp?uREC_ID=797299&type=d&pREC_ID=1188036,https://www.comparethemarket.com/broadband/content/screen-usage-guide/
https://www.mightymessengers.org/family-resources/,https://www.comparethemarket.com/broadband/content/screen-usage-guide/
https://www.molevalley.gov.uk/home/community/climate-change-sustainability/going-green/home,https://www.comparethemarket.com/energy/content/energy-saving-tips/
https://www.mosslands.co.uk/page/?title=E%2DSafety&pid=270,https://www.comparethemarket.com/broadband/content/screen-usage-guide/
https://www.northstainley.n-yorks.sch.uk/SAP.aspx?pid=InfoForParents_en-GB,https://www.comparethemarket.com/broadband/content/screen-usage-guide/
https://www.obooko.com/blog-post/6-easy-ways-you-can-keep-your-eyes-healthy-while-reading,https://www.comparethemarket.com/broadband/content/screen-usage-guide/
https://www.patientadvocate.org/covidcare/resources/#,https://www.comparethemarket.com/broadband/content/screen-usage-guide/
https://www.powerplaynyc.org/resources/,https://www.comparethemarket.com/broadband/content/screen-usage-guide/
https://www.psa.org.uk/pages/mental-wellbeing,https://www.comparethemarket.com/broadband/content/screen-usage-guide/
https://www.roact.org/prevent-abuse,https://www.comparethemarket.com/broadband/content/screen-usage-guide/
https://www.rtmscentre.co.uk/social-media-mental-health/,https://www.comparethemarket.com/broadband/content/screen-usage-guide/
https://www.se.edu/library/government-information-resources/subject-guides/,https://www.comparethemarket.com/broadband/content/screen-usage-guide/
https://www.stclairsuperior.org/covid19-resources,https://www.comparethemarket.com/broadband/content/screen-usage-guide/
https://www.sthildasprimary.co.uk/internet-safety/#,https://www.comparethemarket.com/broadband/content/screen-usage-guide/
https://www.st-peters-burnley.lancs.sch.uk/useful-websites-for-parents/,https://www.comparethemarket.com/broadband/content/screen-usage-guide/
https://www.tabithaeve.co.uk/blogs/news/ten-tips-for-sustainable-solo-living,https://www.comparethemarket.com/energy/content/energy-saving-tips/
https://www.utahchildren.org/index.php?option=com_k2&view=item&id=1048%3Acovid-19-resources,https://www.comparethemarket.com/broadband/content/screen-usage-guide/
https://www.wellfield.lancs.sch.uk/safety-online/,https://www.comparethemarket.com/broadband/content/screen-usage-guide/
https://www.wftv.org.uk/covid-19-resources,https://www.comparethemarket.com/broadband/content/screen-usage-guide/
https://www.whgs-academy.org/parent-info/safeguarding#Online,https://www.comparethemarket.com/broadband/content/screen-usage-guide/
https://xponorth.co.uk/resources/understanding-screen-addiction-and-responsible-digital-use,https://www.comparethemarket.com/broadband/content/screen-usage-guide/
https://www.annakennedyonline.com/resources/,https://www.comparethemarket.com/broadband/content/screen-usage-guide/
https://www.bgchh.com/resources/,https://www.comparethemarket.com/broadband/content/screen-usage-guide/
https://www.drjaimefriedman.com/resources/,https://www.comparethemarket.com/broadband/content/screen-usage-guide/
https://www.collegeparentcentral.com/2021/05/college-parent-news-and-views-39/#more-13508,https://www.comparethemarket.com/money/content/impact-of-covid-on-young-people/
https://plumgroveinc.com/coronavirus-covid-19-mental-health-resources/,https://www.comparethemarket.com/broadband/content/screen-usage-guide/
https://engage.org/resources/covid-19-information-and-resources/,https://www.comparethemarket.com/money/content/impact-of-covid-on-young-people/
https://doinggoodleeds.org.uk/news/the-financial-impact-of-covid-19-on-young-people-the-top-facts-and-statistics/,https://www.comparethemarket.com/money/content/impact-of-covid-on-young-people
https://nmd.bg/en/the-financial-impact-of-covid-19-on-young-people-the-top-facts-and-statistics/,https://www.comparethemarket.com/money/content/impact-of-covid-on-young-people/
https://nhic.org.uk/why-sustainable-homes-are-the-future/,https://www.comparethemarket.com/energy/content/energy-saving-tips/
https://1space.eastsussex.gov.uk/Information/coronavirus#Finances,https://www.comparethemarket.com/money/content/impact-of-covid-on-young-people/
https://headsup.warwickshire.gov.uk/heads-up-30-april-2021/celebrating-warwickshires-family-of-schools/resource-on-understanding-screen-addiction-and-responsible-digital-use,https://www.comparethemarket.com/broadband/content/screen-usage-guide/
https://nfcym.org/resources/covid-19-2/,https://www.comparethemarket.com/money/content/impact-of-covid-on-young-people/
https://www.swanleytowncouncil.gov.uk/local-services-and-links/#,https://www.comparethemarket.com/energy/content/energy-saving-tips/
https://iheartmob.org/pages/self-care-for-people-experiencing-harassment,https://www.comparethemarket.com/broadband/content/screen-usage-guide/
https://calhum.org/covid-19-resources/,https://www.comparethemarket.com/money/content/impact-of-covid-on-young-people/
https://hopestartsheredetroit.org/covid-19-resources/health-wellness/,https://www.comparethemarket.com/broadband/content/screen-usage-guide/
https://knowledge.energyinst.org/search/record?id=115552,https://www.comparethemarket.com/energy/content/energy-saving-tips/
https://www.careerpilot.org.uk/adviser-zone/coronavirus-latest-info-for-advisers,https://www.comparethemarket.com/money/content/impact-of-covid-on-young-people
https://www.stgeorges.wirral.sch.uk/page/useful-links/33565,https://www.comparethemarket.com/broadband/content/screen-usage-guide/
https://www.sandyyong.com/resources,https://www.comparethemarket.com/money/content/impact-of-covid-on-young-people/
https://www.hillary.walsall.sch.uk/e-safety-1,https://www.comparethemarket.com/broadband/content/screen-usage-guide/
https://www.borehamwoodshul.org/welfare,https://www.comparethemarket.com/broadband/content/screen-usage-guide/ 
https://unhabitat.org/covid-19/resources,https://www.comparethemarket.com/money/content/impact-of-covid-on-young-people/
https://artisttrust.org/covid-19-response/,https://www.comparethemarket.com/money/content/impact-of-covid-on-young-people/
https://pipap.sprep.org/index.php/content/21-useful-tips-save-energy-bills-during-coronavirus,https://www.comparethemarket.com/energy/content/energy-saving-tips/
https://www.karkhana.asia/blogs/together-for-collective-resilience/,https://www.comparethemarket.com/broadband/content/screen-usage-guide/
https://icthree.org/prospective-families/resources/,https://www.comparethemarket.com/broadband/content/screen-usage-guide/
https://www.whitesborolibrary.org/computer-technology-resources/,https://www.comparethemarket.com/broadband/content/screen-usage-guide/
https://www.karjera.lu.lv/en/about-us/news/detail-view/t/66123/,https://www.comparethemarket.com/money/content/impact-of-covid-on-young-people/
https://www.kgtc.org/in-the-news.html,https://www.comparethemarket.com/money/content/impact-of-covid-on-young-people/
https://sobus.org.uk/2021/05/covid-19-its-impact-on-young-adults/,https://www.comparethemarket.com/money/content/impact-of-covid-on-young-people/
https://www.livingroomherts.org/onlineresources,https://www.comparethemarket.com/broadband/content/screen-usage-guide/
https://www.severnvaleschool.com/page/?title=Useful+Numbers+and+Contacts&pid=319,https://www.comparethemarket.com/broadband/content/screen-usage-guide/
https://adanc.org/resources/?fwp_resource_topic=technology,https://www.comparethemarket.com/broadband/content/screen-usage-guide/#how-tech-has-changed
https://www.nurtureuk.org/nurture/useful-links,https://www.comparethemarket.com/money/content/impact-of-covid-on-young-people/
https://footstep-training.com/understanding-screen-addiction/,https://www.comparethemarket.com/broadband/content/screen-usage-guide/
https://www.ascdp.bc.ca/resources/links,https://www.comparethemarket.com/broadband/content/screen-usage-guide/
https://eatcleanme.com/blogs/healthy-blog/your-smartphone-and-your-mental-health,https://www.comparethemarket.com/broadband/content/screen-usage-guide/
http://www.nicurriculum.org.uk/curriculum_microsite/financial_capability/key_stage4/resources/useful_links.asp,https://www.comparethemarket.com/money/content/impact-of-covid-on-young-people/
https://vasl.org.uk/services/my-mind-matters/my-mind-matters-useful-contacts/,https://www.comparethemarket.com/broadband/content/screen-usage-guide/
https://alissnet.com/2013/09/23/useful-resources-for-library-inductions-orientations/,https://www.comparethemarket.com/money/content/impact-of-covid-on-young-people/
https://www.fintechnorth.uk/covid-19-business-support-industry-resources/,https://www.comparethemarket.com/broadband/content/screen-usage-guide/
https://www.cascada.travel/blog/digital-detox-chile,https://www.comparethemarket.com/broadband/content/screen-usage-guide/
https://www.courseindex.com/content/how-much-will-you-earn-after-your-degree,https://www.comparethemarket.com/money/content/impact-of-covid-on-young-people/
https://www.brightclassroomideas.com/set-limits-to-students-screen-time/,https://www.comparethemarket.com/broadband/content/screen-usage-guide/
https://trauma.blog.yorku.ca/resources/,https://www.comparethemarket.com/broadband/content/screen-usage-guide/
http://www.tmore.org.uk/328/e-safety,https://www.comparethemarket.com/broadband/content/screen-usage-guide/
https://www.nami-northernvirginia.org/naminova-covid-19-resource-guide.html,https://www.comparethemarket.com/money/content/impact-of-covid-on-young-people/
https://ithriveedinburgh.org.uk/covid-19-support/support-using-digital/#,https://www.comparethemarket.com/broadband/content/screen-usage-guide/
https://www.lawscot.org.uk/members/wellbeing/wellbeing-during-the-coronavirus-outbreak/,https://www.comparethemarket.com/broadband/content/screen-usage-guide/
http://automotiveblog.co.uk/2016/10/million-motorists-havent-driven-since-passing-test/,https://www.comparethemarket.com/car-insurance/
https://www.blenheimchalcot.com/koodoo-launch-mortgage-payment-holiday-tool/,https://www.comparethemarket.com/mortgages/
https://blogs.salford.ac.uk/salford-graduate-life/top-10-cash-hacks-to-extend-your-student-discounts-after-graduation/,https://www.comparethemarket.com/customer-rewards/meerkat-meals/
https://www.borrowmydoggy.com/blog/2016/5/pawsome-doggy-info,https://www.comparethemarket.com/pet-insurance/content/
https://metalmeyhemradio.com/2021/04/lockdown-savers-expect-to-be-cautious-with-spending-as-restrictions-ease-survey,https://www.comparethemarket.com
https://classicrock961.com/the-cost-of-tv-houses-and-how-texas-home-prices-compare,https://www.comparethemarket.com/mortgages/content/property-prices-in-tv-show-locations/
https://classicrock961.com/the-dirtiest-spot-in-the-car-is-worse-than-a-toilet-seat/,https://www.comparethemarket.com/car-insurance/content/how-clean-is-your-car/
https://closeronline.co.uk/diet-body/diet-recipes/accidentally-vegan-foods/,https://www.comparethemarket.com/car-insurance/content/cars-against-humanity/
https://www.belvoir.co.uk/articles/how-much-should-you-charge-your-adult-children-for-living-at-home,https://protect-eu.mimecast.com/s/wNveC5Ro7S01203TORtWj/
https://craftguildofchefs.org/news/guess-how-long-brits-spend-deciding-where-eat-out,https://www.comparethemarket.com/customer-rewards/meerkat-meals/
https://craftguildofchefs.org/news/olympia-london-host-seventh-vegfestuk-london,https://www.comparethemarket.com/car-insurance/content/cars-against-humanity/
https://craftguildofchefs.org/news/theos-creates-new-vegan-options,https://www.comparethemarket.com/car-insurance/content/cars-against-humanity/
https://www.crawleyobserver.co.uk/news/transport/this-street-is-crawleys-top-spot-for-parking-charges-as-figures-show-council-raked-in-ps256000-last-year-3107208,https://www.comparethemarket.com/car-insurance/content/parking-fine-capitals/
https://www.cswbroadband.org.uk/about-broadband/frequently-asked-questions/,https://www.comparethemarket.com/broadband/
https://www.douglasbaderfoundation.com/useful-links/travel-insurance-and-coronavirus-2-compare-the-market/,https://www.comparethemarket.com/travel-insurance/content/corona-virus/
https://www.eatonmanor.co.uk/terms-and-conditions/,https://www.comparethemarket.com/travel-insurance/
https://www.eatwithellen.com/2018/09/trying-out-vegan-for-size-at-wagamama-leamington-spa/,https://www.comparethemarket.com/car-insurance/content/cars-against-humanity/
https://executiveacademy.at/en/university/study-in-vienna,https://www.comparethemarket.com/energy/content/europes-greenest-capital-cities/
https://www.frymagazine.com/post/takeaway-lovers-play-safe-with-fish-and-chips,https://www.comparethemarket.com/media-centre/news/takeaway-nation/
https://www.fuelcardservices.com/1-in-4-hgv-fleet-operators-still-not-using-telematics/,https://www.comparethemarket.com/car-insurance/telematics/
https://www.fuelcardservices.com/uk-on-course-for-telematics-insurance-boom/,https://www.comparethemarket.com/
https://gaincharity.org.uk/travel-insurance/,https://www.comparethemarket.com/travel-insurance/medical-conditions/
https://www.gedlingeye.co.uk/news/top-spot-parking-fines-borough-revealed/,https://www.comparethemarket.com/
https://www.generationstarwars.com/2017/12/,https://www.comparethemarket.com/customer-rewards/meerkat-movies/
https://www.hitched.co.uk/wedding-planning/organising-and-planning/wedding-insurance/,https://www.comparethemarket.com/travel-insurance/
https://www.kentlive.news/news/you-could-save-hundreds-your-1407275,https://www.comparethemarket.com/
https://www.laca.co.uk/news/uk-food-plan-launches-vegan-recipe-pack-school-chefs,https://www.comparethemarket.com/car-insurance/content/cars-against-humanity/
https://www.lafosse.com/blog/2018/03/disrupting-the-market,https://www.comparethemarket.com/
https://www.leicestermercury.co.uk/news/leicester-news/leicester-ranked-13th-safest-place-2084728,https://www.comparethemarket.com/home-insurance/content/the-uks-safest-places-to-live/#/stats?city=leicester&rank=13
https://mikeshouts.com/if-rolls-royce-made-other-vehicles/,https://www.comparethemarket.com/
https://money.radiotimes.com/utilities/get-help-with-your-energy-bills/,https://www.comparethemarket.com/energy/
https://www.moneyshake.com/car-leasing-guides/electric-and-hybrid-guides/electric-car-leasing-explained-2,https://www.comparethemarket.com/car-insurance/content/electric-car/
https://www.moneyshake.com/shaking-news/miscellaneous/8-movie-stars-who-cant-afford-cars,https://www.comparethemarket.com/car-insurance/
https://www.motordepot.co.uk/news/the-cost-of-motoring-for-rookies-just-got-cheaper,https://www.comparethemarket.com/media-centre/news/cheapest-car-running-costs-for-young-people-since-2015/
https://www.mybnk.org/students/tip-5-be-a-savvy-consumer/,https://www.comparethemarket.com/energy/
https://ncl.ac.uk/student-financial-support/advice/living-costs/ ,https://www.comparethemarket.com/utilities/
https://www.nhg.org.uk/news/news/resident-news/save-with-london-plus-credit-union-for-an-easier-festive-season-this-year/,https://www.comparethemarket.com/energy/content/switch-for-christmas/
https://www.ntu.ac.uk/jobs/working-at-ntu/international-staff-welcome/household-information,https://www.comparethemarket.com/utilities/
https://www.odeon.co.uk/offers-membership/meerkat-movies/,https://www.comparethemarket.com/customer-rewards/meerkat-movies/
https://www.oldham-chronicle.co.uk/news-features/139/main-news/114572/oldham-one-of-top-towns-to-hand-out-parking-fines,https://www.comparethemarket.com/car-insurance/content/parking-fines/
https://www.onrec.com/news/news-archive/ambitious-graduates-kickstart-their-journey-to-be-leading-marketeers,https://www.comparethemarket.com/
https://www.onrec.com/news/statistics/how-could-the-countries-with-the-most-debt-pay-it,https://www.comparethemarket.com/savings-accounts/
https://www.paymentsjournal.com/10-uk-adults-cancelled-debit-credit-card-last-12-months/,https://www.comparethemarket.com/credit-cards/
https://www.petrolprices.com/news/councils-pocket-millions-in-parking-fines/,https://www.comparethemarket.com/media-centre/news/parking-profits-the-councils-parking-fines/
https://www.policyconnect.org.uk/research/event-summary-big-data-fintech,https://www.comparethemarket.com/
https://www.prospects.ac.uk/applying-for-university/university-life/saving-money-as-a-student,https://www.comparethemarket.com/current-accounts/content/student-overdrafts/
https://www.reading.gov.uk/housing/private-renting/landlord-advice/click-before-you-evict/late-payments-and-arrears/reducing-energy-bills/,https://www.comparethemarket.com/energy/
https://www.rousepartners.co.uk/in-the-spotlight-october-19/,https://www.comparethemarket.com/mortgages/
https://www.saxbam.com/iain-jacob-announced-as-new-chair-of-cinema-first/ ,https://www.comparethemarket.com/customer-rewards/meerkat-movies/
https://showtimes.nphcinema.co.uk/page/12333/faq,https://www.comparethemarket.com/customer-rewards/meerkat-movies/
https://www.smcreditunion.co.uk/first-car-cost/,https://www.comparethemarket.com/car-insurance/
https://www.somersetlive.co.uk/news/how-much-bath-somerset-residents-1421951,https://www.comparethemarket.com/car-insurance/content/parking-permit-lottery/
https://www.theautochannel.com/news/2020/12/04/918034-study-lists-top-5-reasons-some-adults-won-t-learn.html,https://www.comparethemarket.com/
https://www.thenorthernecho.co.uk/news/18484073.stockton-top-ten-uks-electric-vehicle-charging-hotspots/,https://www.comparethemarket.com/
https://www.top10films.co.uk/27345-orange-wednesdays-two-for-one-replaced-by-meerkat-movies/,https://www.comparethemarket.com/customer-rewards/meerkat-movies/
https://www.uclan.ac.uk/articles/alumni-spotlight/simon-jones,https://www.comparethemarket.com/
https://www.ulster.ac.uk/wellbeing/student-money-advice/funding-your-studies/postgraduate,https://www.comparethemarket.com/loans/personal-loans/
https://wearetechwomen.com/portfolio/dimple-dalby-tech-lead-for-cloud-platform-and-operations-comparethemarket-com/,https://www.comparethemarket.com/
https://www.you.co.uk/most-popular-takeaway-in-the-uk/,https://www.comparethemarket.com/media-centre/news/takeaway-nation/
https://www.yourlocalguardian.co.uk/news/16417157.sutton-second-safest-borough-south-london-research-says/,https://www.comparethemarket.com/home-insurance/content/the-uks-safest-places-to-live/#/overview?type=london
https://aberdeenshirecommunitysafety.org.uk/road_safety/telematics_car_insurance.html,https://www.comparethemarket.com/car-insurance/telematics/
https://www.arthuronline.co.uk/blog/property-news/rishi-sunak-confirms-95-mortgage-guarantee-scheme-in-budget/,https://www.comparethemarket.com/mortgages/content/95-mortgages/
https://www.assuredfutures.co.uk/partners-introducers/,https://www.comparethemarket.com/health-insurance/
https://www.bgf.co.uk/decision-tech-sees-eight-fold-increase-mobile-revenues/,https://www.comparethemarket.com/
https://bima.co.uk/councils/sustainability/,https://www.comparethemarket.com
http://www.bmf.co.uk/news/show/motorcycling-definitely-not-a-midlife-crisis-and-heres-proof,https://www.comparethemarket.com/motorbike-insurance/
https://bookmygarage.com/blog/rising-cost-running-car/,https://www.comparethemarket.com/car-insurance/
https://www.breakerlink.com/blog/driving/the-truth-is-out-there-debunking-popular-car-insurance-myths/,https://www.comparethemarket.com/car-insurance/content/premium-drivers/
https://www.bucks.ac.uk/life/fees-and-funding/financial-support-bursaries-and-scholarships/undergraduate,https://www.comparethemarket.com/current-accounts/content/which-student-bank-account-should-i-choose/
https://www.centralfoods.co.uk/NewsItems/VeggiesausagesalessoarbeforeNatVegWeek/tabid/327/Default.aspx,https://www.comparethemarket.com/car-insurance/content/cars-against-humanity/
https://www.choicemag.co.uk/category/enjoy_life/the_vegan_revolution,https://www.comparethemarket.com/car-insurance/content/cars-against-humanity/
https://www.choicemag.co.uk/category/money_and_rights/put_the_brake_on_car_premiums,https://www.comparethemarket.com/car-insurance/
https://www.cibeslift.com/gb/news/home-finance-tips-for-the-rest-of-2021/,https://www.comparethemarket.com/utilities/
https://www.cinemauk.org.uk/key-issues/cinema-pricing/,https://www.comparethemarket.com/customer-rewards/meerkat-movies/
https://communityfirstyorkshire.org.uk/blogs/lockdown-makes-fuel-poverty-worse/,https://www.comparethemarket.com/energy/
https://www.cornishcottageholidays.co.uk/blog/a-vegan-day-out-in-st-ives/,https://www.comparethemarket.com/car-insurance/content/cars-against-humanity/
https://cpa.co.uk/brexit-red-tape-business-news-250121/,https://www.comparethemarket.com/media-centre/news/households-financial-impact-from-covid/
https://www.creditstrategy.co.uk/creditrisk-news/creditrisk-news/more-than-15-million-uk-renters-are-at-risk-of-losing-deposits-5277,https://www.comparethemarket.com/home-insurance/content/deposit-protection-scheme/
https://creditunionsofwales.co.uk/latest-news/build-your-financial-safety-net/,https://www.comparethemarket.com/utilities/
https://www.douglasbaderfoundation.com/useful-links/insurance-for-disability-cars/,https://www.comparethemarket.com/car-insurance/content/disability-car/
https://www.efma.com/article/2438-buy-now-pay-later-replacing-the-credit-card-or-fintech-flash-in-the-pan,https://www.comparethemarket.com/news-and-views/more-shoppers-use-buy-now-pay-later/
https://engagecustomer.com/financial-scam-committed-every-15-seconds/,https://www.comparethemarket.com/credit-cards/content/latest-credit-card-fraud-scam-figures/
https://www.fenews.co.uk/press-releases/50430-a-third-of-nurseries-in-the-most-disadvantaged-areas-may-be-forced-to-close-permanently,https://www.comparethemarket.com/media-centre/news/a-quarter-of-parents-voluntarily-reducing-hours-and-salary-to-better-balance-demands-of-work-and-childcare/
https://www.fintechtalents.com/past-the-moon-and-on-to-mars-ftt-bookmark-issue-3/,https://www.comparethemarket.com/news-and-views/concerns-over-buy-now-pay-later-during-lockdown
https://www.fool.co.uk/mywallethero/mortgages/learn/what-does-generation-buy-mean-for-first-time-buyers/,https://www.comparethemarket.com/mortgages/content/95-mortgages/
https://www.gateway978.com/gateway-response/activities/film-critic-james-king-on-must-see-films,https://www.comparethemarket.com/media-centre/news/brits-plan-return-to-cinema-before-end-of-may/
https://www.hardens.com/uk-london/01-11-2018/knifed-for-the-idea-of-killing-vegans/,https://www.comparethemarket.com/car-insurance/content/cars-against-humanity/
https://www.hbdonline.co.uk/news/monthly-budgeting-tips-for-new-homeowners/,https://www.comparethemarket.com/energy/
https://www.iie.uk.com/green-directory/bgl-group/,https://www.comparethemarket.com
https://www.keytek.co.uk/ultimate-home-security-guide/keytek-guide-to-insurance/,https://www.comparethemarket.com/home-insurance/
https://laca.co.uk/news/theos-creates-new-vegan-options,https://www.comparethemarket.com/car-insurance/content/cars-against-humanity/
https://www.localgov.co.uk/Insurer-compares-the-market-for-parking-fines/51706,https://www.comparethemarket.com/car-insurance/content/parking-fine-capitals
https://money.radiotimes.com/news/time-for-a-financial-check-cut-your-broadband-insurance-and-energy-costs/,http://comparethemarket.com
https://www.mortgagefinancegazette.com/lending-news/imla-online-activity-helps-drive-mortgage-broker-activity-14-12-2018/,https://www.comparethemarket.com/mortgages/
https://www.number1plates.com/blog/how-to-lower-your-insurance-premium/,https://www.comparethemarket.com/car-insurance
https://www.nutraingredients.com/Article/2018/10/03/How-to-cash-in-on-customer-reviews,https://www.comparethemarket.com/car-insurance/content/cars-against-humanity/
https://www.onrec.com/news/news-archive/win-a-top-it-job-at-comparethemarketcom%E2%80%99s-%E2%80%98job-in-a-day%E2%80%99-challenge,https://www.comparethemarket.com/
https://www.outandaboutlive.co.uk/motorhomes/articles/practical-advice/motorhome-finance-and-other-funding-methods,https://www.comparethemarket.com/motorhome-insurance/
https://printworks-manchester.com/offers/meerkat-movies-at-vue/,https://www.comparethemarket.com/customer-rewards/meerkat-movies/
https://www.propertynotify.co.uk/news/new-government-backed-95-mortgage-scheme-launches/,https://www.comparethemarket.com/mortgages/content/95-mortgages/
https://www.prospects.ac.uk/jobs-and-work-experience/self-employment/how-to-start-a-business,https://www.comparethemarket.com/home-insurance/
https://www.rapidtvnews.com/2021042860365/four-in-five-households-switching-to-super-fast-broadband.html#axzz6ulTnrAno,https://www.comparethemarket.com/media-centre/news/broadband-switching-snapshot/
https://www.ratedpeople.com/blog/10-essential-tips-to-save-money-on-your-van-insurance,https://www.comparethemarket.com/van-insurance/
https://www.sarsons.co.uk/quick-pickling,https://www.comparethemarket.com/car-insurance/content/cars-against-humanity/
https://www.smart-energy.com/industry-sectors/policy-regulation/uk-domestic-energy-prices-have-tripled-in-the-last-20-years/,https://www.comparethemarket.com/energy/
https://www.sowetanlive.co.za/news/south-africa/2021-02-09-is-sa-the-worlds-unhealthiest-country/,https://www.comparethemarket.com/health-insurance/
https://www.sundaypost.com/fp/big-change-in-our-kitchens-as-firms-respond-to-increased-demand-going-going-vegan-research-suggests-more-scots-than-ever-are-shunning-meat-and-milk/,https://www.comparethemarket.com/car-insurance/content/cars-against-humanity/
https://www.supanet.com/smart-homes-adapt-for-home-workers-a23288.html,https://www.comparethemarket.com/news-and-views/millions-can-expect-shock-energy-bill/
https://tekdeeps.com/the-most-sought-after-car-brands-in-the-world-in-2020/,https://www.comparethemarket.com/car-insurance/content/car-brand-popularity/
https://www.thamecars.co.uk/thame-blog/reduce-car-insurance-costs/,https://www.comparethemarket.com/car-insurance/
https://www.theexeterdaily.co.uk/news/local-news-uk-news/south-west-only-region-uk-where-over-half-people-saved-during-typical,http://comparethemarket.com/
https://unic-cinemas.org/fr/actualites/blog/detail/ukca-conference-2020/,https://www.comparethemarket.com/customer-rewards/meerkat-movies/
https://www.visitscotland.com/about/practical-information/driving-in-scotland/,https://www.comparethemarket.com/car-insurance/coronavirus/
https://www.welltodoglobal.com/veggie-pret-to-launch-in-manchester-amid-surge-in-plant-based-eating/,https://www.comparethemarket.com/car-insurance/content/cars-against-humanity/
https://www.yorkshirepost.co.uk/news/crime/which-yorkshire-areas-are-safest-cities-ranked-crime-rates-ambulances-and-thunder-566214,https://www.comparethemarket.com/home-insurance/content/the-uks-safest-places-to-live/#/overview
https://www.lifestyledaily.co.uk/article/2021/04/20/five-ways-avoid-increased-debt-lockdown-ends,https://www.comparethemarket.com/mortgages/remortgage-calculator/
https://www.propertysecrets.org/index.php/2021/04/13/five-ways-to-maximise-buy-to-let-profits-in-2021/,https://www.comparethemarket.com/mortgages/remortgage-calculator/
https://www.drivearchive.co.uk/articles/article-five-ways-to-reduce-the-cost-of-car-insurance.php,https://www.comparethemarket.com/car-insurance/content/car-insurance-calculator/
